Pinterest Topics,Pin Ideas,Tip 1,Tip 2,Tip 3,Tip 4,Tip 5
Keto Recipes,Keto-friendly chocolate chip cookies recipe,Use almond flour and sugar substitute for a low-carb version,Add a pinch of sea salt to enhance the flavor,Opt for sugar-free chocolate chips,Allow cookies to cool completely before removing from the baking sheet,Store leftovers in an airtight container to maintain freshness
Keto Recipes,Low-carb cauliflower crust pizza recipe,Squeeze excess moisture from the cauliflower rice,Add Italian seasoning for a traditional pizza taste,Bake the crust before adding toppings for a crispy texture,Use parchment paper to prevent sticking and easy removal,Experiment with different cheese varieties for unique flavors
Keto Recipes,Avocado and bacon stuffed chicken breast recipe,Wrap the chicken tightly with bacon for secure stuffing,Season the avocado filling with lime juice for added zest,Precook the bacon slightly to ensure it cooks fully with the chicken,Secure the stuffed chicken with toothpicks to prevent the filling from falling out,Bake at a high temperature for juicy chicken and crispy bacon
Keto Recipes,Keto blueberry muffins recipe,Use almond flour instead of regular flour,Fold in blueberries gently to avoid bursting,Add a pinch of cinnamon for enhanced flavor,Let the muffins cool before removing from the baking tin to avoid breaking,Store muffins in the refrigerator for longer shelf life
Keto Recipes,Creamy garlic butter shrimp recipe,Sauté the garlic in butter until fragrant and golden,Use heavy cream or coconut cream for a rich and creamy sauce,Season the shrimp with paprika and cayenne for a hint of spice,Garnish with fresh parsley for a pop of color and added freshness,Serve the dish with cauliflower rice or zucchini noodles for a complete keto meal
Keto Recipes,Zucchini noodles with pesto recipe,Spiralize the zucchini noodles using a spiralizer,Toast the pine nuts before adding them to the pesto sauce,Use fresh basil leaves and quality Parmesan for authentic flavors,Toss the zucchini noodles in the pesto sauce just before serving to avoid excess moisture,Top with grated Parmesan and a drizzle of olive oil for extra flavor
Keto Recipes,Cheesy bacon-wrapped asparagus recipe,Use thin asparagus spears for even cooking,Sprinkle shredded cheese over the bacon-wrapped asparagus,Season with garlic powder and black pepper for added flavor,Bake in the oven until the bacon is crispy and the cheese is melted,Squeeze fresh lemon juice over the asparagus before serving for a burst of tanginess
Keto Recipes,Keto-friendly green smoothie recipe,Use leafy greens like spinach or kale as a base,Add a scoop of unsweetened protein powder for extra nutrients,Use avocado or coconut milk for a creamy texture,Add a handful of low-carb berries like raspberries or blueberries for a touch of sweetness,Blend in a tablespoon of chia seeds or flaxseed for added fiber and healthy fats
Keto Recipes,Spinach and feta stuffed portobello mushrooms recipe,Sauté the spinach and garlic before stuffing,Season with dried oregano and red pepper flakes for a Mediterranean touch,Crumble feta cheese on top for a tangy flavor,Drizzle with olive oil and bake until the mushrooms are tender and cheese is golden brown,Serve as an appetizer or pair with a side salad for a light and satisfying meal
Keto Recipes,Lemon garlic butter salmon recipe,Sear the salmon fillets skin side down for a crispy texture,Baste the salmon with the lemon garlic butter sauce while cooking,Sprinkle fresh dill or parsley for a vibrant presentation,Serve the salmon with steamed vegetables or a side of cauliflower rice for a complete meal,Squeeze fresh lemon juice over the salmon just before serving for a burst of citrusy flavor
Keto Meal Prep,Beginner's guide to keto meal prepping,Plan your meals and create a weekly meal schedule,Make a shopping list to ensure you have all the necessary ingredients,Batch cook proteins and veggies for easy assembly throughout the week,Invest in quality meal prep containers that are microwave-safe and leak-proof,Label and date each meal prep container for easy identification and freshness tracking
Keto Meal Prep,Meal prep ideas for a week of keto lunches,Prepare Mason jar salads with a variety of low-carb toppings,Cook a large batch of keto-friendly soup for quick and satisfying lunches,Grill or bake chicken breasts in bulk for versatile lunch options,"Portion out snacks like nuts, seeds, or cheese for convenient grab-and-go options",Freeze some prepped meals for longer storage and thaw as needed
Keto Meal Prep,Tips for efficient and organized keto meal prepping,Use reusable food containers to reduce waste and save money,Pre-cut and wash veggies for easy and quick meal prep,Cook large batches of keto staples like cauliflower rice or zoodles,Create a meal prep schedule to streamline the process and stay consistent,Set aside dedicated meal prep days to focus on prepping and cooking
Keto Meal Prep,Make-ahead keto breakfast muffins recipe,Use silicone muffin molds for easy removal,Customize muffin fillings with ingredients like spinach and cheese,Whip the eggs until fluffy for lighter muffins,Store the muffins in the refrigerator and reheat in the microwave or oven as needed,Double the recipe and freeze extra muffins for future breakfasts
Keto Meal Prep,Batch cooking keto-friendly ground beef for easy dinners,Season ground beef with your favorite spices and herbs,Cook ground beef with diced onions and garlic for added flavor,Portion cooked ground beef into individual servings for convenience,Freeze portions of cooked ground beef for future use in various recipes,"Use cooked ground beef in dishes like lettuce wraps, stuffed bell peppers, or keto-friendly casseroles"
Keto Meal Prep,Keto meal prep containers and storage solutions,"Invest in BPA-free, microwave-safe containers",Opt for glass containers for durability and easy cleaning,Use portion-control containers to manage serving sizes,Stackable containers save space in the refrigerator or freezer,Label containers with the meal name and date to stay organized
Keto Meal Prep,Prepping keto snacks for on-the-go,Make homemade keto granola bars or energy balls,Portion out mixed nuts or seeds for a convenient snack,Slice veggies like cucumbers or bell peppers for easy snacking,Prepare mini quiches or egg muffins with your favorite keto fillings,Carry a small cooler bag or insulated lunchbox to keep snacks fresh and cool
Keto Meal Prep,Freezing and reheating keto meals,Allow cooked meals to cool completely before freezing,"Use freezer-safe, airtight containers to prevent freezer burn",Label containers with reheating instructions and date of freezing,Thaw frozen meals overnight in the refrigerator before reheating,Reheat meals in the microwave or oven until heated through and enjoy
Keto Meal Prep,Keto meal prep for busy professionals,Plan meals that require minimal cooking time,Pre-cut veggies and store them in individual containers,Prepare grab-and-go options like egg muffins or chia pudding,Utilize slow cooker or instant pot recipes for convenient and hands-off cooking,Set aside dedicated time each week for meal prepping and stick to your schedule
Keto Meal Prep,Mason jar salads with keto-friendly dressings,Layer dressing at the bottom to avoid sogginess,Start with sturdy veggies or proteins as the base layer,Add leafy greens and delicate ingredients closer to the top,Store the jars upright in the refrigerator to keep the ingredients fresh and prevent leakage,Shake the jar vigorously or transfer to a bowl before eating for even distribution of dressing
Keto Snacks,DIY keto trail mix recipe,"Combine unsweetened nuts, seeds, and a few dark chocolate chips",Add a sprinkle of sea salt for a sweet and salty flavor,Roast nuts and seeds for added crunch and depth of flavor,Portion the trail mix into individual snack bags for easy grab-and-go options,Store trail mix in an airtight container or Ziploc bag to maintain freshness
Keto Snacks,Quick and easy keto cheese chips recipe,Use shredded cheese or cheese slices as the base,"Sprinkle with your favorite seasonings, like paprika or garlic powder",Bake until crispy and golden brown,Allow the chips to cool completely before removing from the baking sheet,"Serve with salsa, guacamole, or a low-carb dip for a tasty snack"
Keto Snacks,Chocolate almond butter fat bombs recipe,"Mix almond butter, cocoa powder, and sweetener",Add a pinch of salt and a drop of vanilla extract for flavor,Roll the mixture into small balls or shape into bite-sized cubes,Refrigerate the fat bombs until firm and store them in the refrigerator or freezer,Enjoy a fat bomb as a quick energy boost or as a satisfying dessert
Keto Snacks,Keto-friendly smoothie bowl ideas,Use frozen berries or avocado for a thick and creamy base,Top with low-carb toppings like sliced almonds or coconut flakes,Add a scoop of low-carb protein powder for extra nutrition,"Garnish with fresh berries, chia seeds, or cacao nibs for added texture and visual appeal",Enjoy the smoothie bowl with a spoon and savor the flavors
Keto Snacks,Crunchy parmesan crisps recipe,Grate fresh Parmesan cheese for the crisps,Space the grated cheese on a baking sheet for even spreading,Bake until golden and crispy,Allow the crisps to cool completely before removing from the baking sheet,Store Parmesan crisps in an airtight container to maintain their crunch
Keto Snacks,Low-carb veggie sticks with ranch dip recipe,"Slice veggies like celery, cucumber, and bell peppers",Prepare a homemade ranch dip using sour cream and herbs,Serve the veggie sticks and ranch dip in individual snack containers,Keep the veggie sticks crisp by storing them in the refrigerator,Pack veggie sticks and dip in a lunchbox or cooler bag for a refreshing snack on the go
Keto Snacks,Homemade keto protein bars recipe,"Mix together protein powder, nut butter, and sweetener",Press the mixture firmly into a baking pan or silicone mold,Chill in the refrigerator to set,Cut into bars or squares and wrap individually for grab-and-go convenience,Store protein bars in the refrigerator for freshness and longevity